Name,No. Posts,No. Followers,No. Following,No. Likes Ex 10 post,No. Likes Ex 11 post,No. Likes Ex 12 post,No. self posts from ex 9 posts, Sex,Date
User_1,486,279,19,15,10,17,0,m,Mar 14 2017
User_2,401,"5,509",342,360,440,428,0,f,
User_3,463,453,293,65,68,149,4,f,
User_4,154,"1,231","1,477",53,22,35,3,m,
User_5,786,"9,620",421,623,1299,544,0,m,
User_6,405,"1,282",370,123,135,145,2,m,
User_7,638,"2,312",365,466,511,318,0,m,
User_8,73,"1,819",852,343,435,333,0,f,
User_9,600,"2,056",606,130,102,160,1,f,
User_10,57,"2,403","1,663",912,740,1005,0,f,
User_11,400,"7,355","4,285",943,1102,1252,1,m,
User_12,392,"9,071",189,757,1209,733,0,m,
User_13,"1,095",681,"1,238",50,69,33,1,m,
User_14,199,"2,826",327,277,337,296,0,m,
User_15,232,"1,016","1,066",190,231,230,0,f,
User_16,691,"2,864",447,94,97,94,1,m,
User_17,718,955,619,56,75,126,6,f,
User_18,648,"6,046","1,244",84,41,69,1,m,
User_19,155,187,281,10,12,6,4,m,
User_20,985,266,33,16,13,6,2,f,
User_21,330,"1,364","1,150",241,220,240,9,f,
User_22,108,391,175,33,24,30,9,m,
User_23,379,775,712,99,235,61,5,f,
User_24,378,"2,425","1,349",164,213,97,9,f,
User_25,129,"2,625",852,362,359,366,9,m,
User_26,200,536,190,91,54,56,7,f,
User_27,434,849,"1,255",157,110,83,8,m,
User_28,153,"1,432",811,245,212,205,9,m,
User_29,734,"1,072",191,41,153,185,6,f,
User_30,465,897,765,121,176,139,9,m,
User_31,98,"1,192","7,497",81,46,208,8,m,
User_32,140,"1,693","6,260",22,27,50,0,f,
User_33,429,625,"1,286",8,14,6,0,m,
User_34,139,990,372,327,216,213,6,m,
User_35,71,350,95,43,34,34,1,m,
User_36,470,562,533,8,20,9,1,m,
User_37,92,"1,214",260,228,66,84,3,m,
User_38,167,"4,869","3,898",339,337,297,7,m,
User_39,883,"4,666","7,432",157,123,162,8,m,
User_40,"1,337",290,204,19,18,18,0,m,
User_41,445,323,193,71,72,82,9,f,
User_42,77,"1,557","1,686",381,519,446,3,m,
User_43,67,"5,697",809,1326,1175,1387,0,f,
User_44,822,631,266,113,107,53,4,m,
User_45,"1,155","4,198",642,838,513,480,9,f,
User_46,107,267,234,40,49,33,0,m,
User_47,119,385,331,47,30,71,5,m,
User_48,979,540,152,130,89,98,0,m,
User_49,112,117,120,17,22,13,1,f,
User_50,186,"5,802",388,603,577,1430,8,f,
User_51,859,"1,812",828,102,190,138,1,m,
User_52,501,"4,258","2,944",205,244,288,7,m,
User_53,200,947,768,205,232,122,2,f,
User_54,33,460,"2,822",6,3,5,9,f,
User_55,79,407,"5,108",10,5,5,7,m,
User_56,126,"2,282","7,499",57,50,67,9,f,
User_57,323,"2,692","6,353",99,62,75,7,f,
User_58,80,200,210,138,105,74,9,f,
User_59,235,565,169,168,102,82,7,f,
User_60,"7,733","2,094","4,406",18,18,15,5,f,
User_61,96,105,388,3,3,2,0,f,
User_62,555,"2,204","2,560",189,151,208,3,f,
User_63,141,"8,766","2,611",1620,1016,872,9,m,
User_64,113,"9,772",11,261,349,450,1,m,
User_65,"1,412",207,541,18,15,19,0,f,
User_66,50,"2,882","6,999",696,489,638,2,m,
User_67,196,49,78,9,9,9,0,f,
User_68,371,603,885,8,16,19,3,f,
User_69,78,529,"1,784",72,55,33,5,m,
User_70,81,186,561,15,7,8,1,m,
User_71,92,"9,952",60,589,373,452,8,m,
User_72,151,"8,329","6,834",150,163,227,2,f,
User_73,56,409,806,32,21,29,3,m,
User_74,974,677,485,16,19,13,8,m,
User_75,133,"1,041",449,61,74,57,7,m,
User_76,441,459,432,41,45,51,8,m,
User_77,418,"1,021","5,959",104,44,81,7,f,
User_78,118,"1,073",313,211,160,163,2,m,
User_79,56,50,94,10,11,7,2,f,
User_80,53,349,"3,012",1,8,24,0,f,
User_81,63,"1,157","3,499",28,26,41,2,m,
User_82,324,"5,749","5,000",670,765,735,1,m,
User_83,67,59,924,1,2,2,2,m,Mar 17 2017
User_84,179,"1,577",933,38,58,92,8,m,
User_85,57,"1,014","1,478",18,25,5,4,m,
User_86,58,192,422,28,23,49,7,f,
User_87,102,130,371,13,12,10,7,m,
User_88,227,145,32,4,5,5,6,m,
User_89,138,258,409,7,7,8,9,f,
User_90,125,220,475,6,9,6,4,f,
User_91,487,"1,330","7,500",23,12,37,3,m,
User_92,854,"2,283","2,125",96,101,41,5,f,
User_93,113,"1,027",293,71,73,84,4,m,
User_94,96,744,"2,375",25,60,60,3,m,
User_95,59,320,510,26,21,35,8,f,
User_96,91,139,223,10,4,7,9,f,
User_97,58,205,421,10,11,14,8,f,
User_98,258,436,945,15,7,15,8,m,
User_99,65,118,430,3,3,3,9,m,
User_100,67,329,"1,206",11,8,13,9,f,
User_101,504,"1,374","1,947",19,25,32,3,f,
User_102,62,401,"1,784",2,4,14,9,m,
User_103,93,134,153,7,4,11,9,f,
User_104,78,"2,352",248,274,315,281,9,f,
User_105,125,747,"2,281",106,60,118,2,f,
User_106,95,320,559,14,8,20,9,m,
User_107,185,359,"1,110",25,21,19,9,m,
User_108,52,248,386,7,12,6,8,f,
User_109,148,340,229,57,73,68,3,m,
User_110,86,111,250,17,49,30,0,m,
User_111,276,110,78,14,11,24,1,f,
User_112,209,72,169,11,4,1,0,f,
User_113,"1,273","2,462","1,600",106,94,103,0,f,
User_114,288,407,879,8,0,8,0,f,
User_115,218,102,164,5,4,4,1,f,
User_116,63,178,381,8,12,8,7,m,
User_117,137,366,"2,594",20,12,28,4,m,
User_118,51,"9,953","6,739",913,950,1014,8,m,
User_119,207,"1,637","2,583",189,182,176,0,m,
User_120,674,827,672,34,42,35,6,f,
User_121,125,851,"2,873",68,75,35,3,f,
User_122,117,"7,339","6,345",144,190,255,0,m,
User_123,180,239,"1,626",4,4,26,9,m,
User_124,378,929,"2,748",17,28,8,0,m,
User_125,107,196,75,4,9,6,2,f,
User_126,102,"2,480","4,566",141,109,91,0,f,
User_127,51,360,"1,223",9,10,8,0,m,
User_128,823,"1,172",511,63,25,31,0,f,
User_129,685,"1,421","4,039",11,12,20,1,f,
User_130,419,"2,013",992,123,162,86,1,f,
User_131,121,"4,440","6,357",288,510,355,0,m,
User_132,551,"3,423","6,332",66,133,69,1,f,
User_133,68,357,"3,082",17,28,14,1,f,
User_134,924,383,688,39,17,6,0,f,
User_135,341,"1,711","2,033",61,24,73,2,f,
User_136,812,671,671,31,64,91,2,f,
User_137,135,639,432,49,59,70,4,m,
User_138,"5,600","6,755","1,084",16,8,7,0,m,Mar 18 2017
User_139,103,375,"1,152",32,38,76,4,f,
User_140,104,"1,247","4,087",194,157,125,4,m,
User_141,134,193,519,37,27,29,0,f,
User_142,220,"4,083","4,557",178,203,222,0,f,
User_143,84,"2,337","2,029",134,123,140,5,f,
User_144,137,646,175,67,95,98,5,f,
User_145,253,948,590,145,101,241,4,m,
User_146,69,954,439,106,115,126,9,m,
User_147,186,329,"1,971",67,52,54,0,m,
User_148,192,740,582,73,92,105,9,f,
User_149,829,901,510,104,113,127,6,f,
User_150,80,453,437,48,75,45,8,f,
User_151,88,240,472,17,12,7,6,m,
User_152,138,335,330,18,16,12,4,m,
User_153,314,"1,646","1,314",90,90,65,6,f,
User_154,419,463,579,40,49,43,3,f,
User_155,806,269,740,11,7,10,2,f,
User_156,404,"1,649","2,378",77,59,49,0,m,
User_157,474,"3,855","3,787",178,230,234,3,f,
User_158,76,45,319,7,4,5,4,m,
User_159,220,649,"3,710",28,80,31,9,f,
User_160,382,746,"2,987",16,24,24,2,f,
User_161,377,84,215,3,3,9,4,f,
User_162,105,"1,534","5,064",56,45,73,7,m,
User_163,240,"5,702","3,923",969,886,952,5,f,
User_164,"6,694",697,"2,809",8,9,13,5,m,
User_165,87,"1,022","5,214",56,28,30,6,m,
User_166,76,"2,201","1,684",262,329,175,1,f,
User_167,59,818,"2,878",11,16,11,1,m,
User_168,373,"9,381","7,405",144,165,135,6,m,
User_169,122,221,390,23,22,30,4,m,
User_170,265,"2,988","4,989",142,70,91,2,f,
User_171,73,336,553,21,22,30,2,m,
User_172,99,98,110,17,12,7,5,m,
User_173,71,134,165,23,19,11,3,m,
User_174,149,"2,391","1,924",349,356,379,8,f,
User_175,295,869,"2,954",47,20,36,5,f,
User_176,68,95,170,7,5,7,9,m,
User_177,215,703,"2,095",84,55,68,9,m,
User_178,281,504,459,69,32,33,1,m,
User_179,116,317,250,34,59,144,5,f,
User_180,67,200,262,47,43,58,5,m,
User_181,307,"1,245",899,242,323,303,0,f,
User_182,160,519,"2,756",29,20,20,0,m,
User_183,754,"1,421",731,449,405,341,0,f,
User_184,112,122,269,20,30,26,0,m,
User_185,527,"3,736","6,585",691,684,486,1,m,
User_186,58,354,"1,763",63,61,85,0,f,
User_187,405,221,530,65,21,58,0,f,
User_188,398,344,"1,338",21,30,24,0,f,
User_189,575,"2,202","5,690",342,359,313,0,f,
User_190,287,"5,968","6,291",255,352,362,5,f,
User_191,250,"1,434",714,153,179,158,9,m,
User_192,109,535,282,86,109,79,9,m,
User_193,67,575,359,110,51,98,9,m,
User_194,"1,112","1,668",883,146,175,187,7,f,
User_195,148,872,293,140,146,177,9,f,
User_196,127,"2,600","1,863",343,263,395,3,f,
User_197,140,500,398,41,54,51,9,m,
User_198,90,837,826,70,57,89,8,m,
User_199,559,"1,282","1,010",54,179,104,8,f,
User_200,174,449,309,54,73,42,9,m,
User_201,317,708,468,83,58,80,8,f,
User_202,716,638,356,88,73,57,9,m,
User_203,67,149,275,13,9,12,3,m,
User_204,"1,638","2,933",357,96,49,157,2,m,Mar 20 2017
User_205,998,"1,278","1,924",53,58,35,8,m,
User_206,937,855,"1,531",32,80,90,3,f,
User_207,182,626,522,123,87,86,6,m,
User_208,"2,326","2,570","1,625",25,14,7,2,f,
User_209,243,407,570,11,30,18,5,f,
User_210,"1,358","8,493","6,855",565,421,275,9,m,
User_211,742,639,"2,540",51,37,27,5,m,
User_212,507,991,638,200,100,168,7,m,
User_213,406,224,743,19,13,17,1,m,
User_214,765,"1,302",806,119,106,151,9,m,
User_215,234,"8,368","6,954",281,233,252,5,m,
User_216,551,380,410,20,19,39,4,f,
User_217,"1,441","1,745","7,412",103,65,92,5,m,
User_218,869,336,479,24,25,20,2,m,
User_219,218,146,155,39,44,12,4,m,
User_220,284,"2,851",823,185,163,149,8,m,
User_221,592,528,648,36,36,58,6,m,
User_222,139,436,649,60,32,40,4,m,
User_223,331,336,526,108,40,73,3,f,
User_224,183,116,170,29,48,30,8,f,
User_225,72,411,"1,607",77,76,114,7,m,
User_226,"4,004","3,055","3,287",151,83,109,5,m,
User_227,242,166,246,28,37,49,7,m,
User_228,155,950,"2,307",54,55,73,9,m,
User_229,156,126,310,23,10,11,6,m,
User_230,"2,189","2,103","2,463",6,30,17,6,f,
User_231,131,623,"2,194",50,73,75,3,m,
User_232,192,511,"1,500",37,44,36,9,m,
User_233,103,271,377,29,12,29,7,f,
User_234,538,221,409,14,17,4,0,m,
User_235,592,936,982,70,37,35,2,m,
User_236,321,"1,660","1,475",100,172,154,9,m,
User_237,468,"1,585","4,720",136,185,147,5,m,
User_238,"1,108",964,"2,268",74,84,94,4,m,
User_239,269,536,311,63,104,60,5,m,
User_240,192,662,"2,201",20,24,49,7,f,
User_241,726,847,"1,197",112,80,108,6,f,
User_242,"1,319","1,331",879,14,51,21,2,f,
User_243,"1,143","5,064",495,103,117,89,8,f,
User_244,122,430,"2,077",116,98,129,9,m,
User_245,243,"1,276",162,61,23,74,7,f,
User_246,605,397,"1,350",28,12,11,0,m,Mar 21 2017
User_247,255,"1,039","2,498",83,78,104,7,m,
User_248,"1,718",942,"1,076",29,11,39,8,m,
User_249,402,"2,425","3,817",196,146,117,7,m,
User_250,458,"4,859","3,362",583,479,552,4,m,
User_251,498,"2,405","4,708",69,68,80,9,m,
User_252,314,"2,330","2,438",72,56,131,1,m,
User_253,76,"1,276",500,104,52,119,5,m,
User_254,215,818,260,39,98,106,6,m,
User_255,105,"2,361","2,244",255,463,344,9,f,
User_256,207,203,627,16,6,25,6,m,
User_257,136,"1,073","4,180",95,75,44,4,f,
User_258,190,"2,007","6,530",33,45,54,1,f,
User_259,163,254,359,27,25,23,2,f,
User_260,816,"1,247",701,85,80,71,3,m,
User_261,66,145,209,7,7,5,6,f,
User_262,105,"1,138","4,140",74,89,101,0,f,
User_263,379,752,509,25,11,46,6,f,
User_264,511,880,"7,497",61,51,64,3,m,
User_265,371,"4,846","1,559",343,233,295,7,f,
User_266,677,883,801,66,114,69,6,f,
User_267,194,82,83,1,1,0,8,f,
User_268,254,478,978,123,54,17,9,m,
User_269,97,257,500,8,23,3,7,m,
User_270,121,"5,248","2,600",399,340,649,8,m,
User_271,71,218,315,17,12,18,1,f,
User_272,128,"1,300","1,137",477,517,493,9,m,
User_273,139,"1,179",171,116,101,125,8,m,
User_274,357,743,735,72,122,103,9,f,
User_275,207,758,510,26,16,25,5,f,
User_276,65,138,298,18,9,11,3,f,
User_277,228,"1,156","1,421",45,41,65,8,f,
User_278,160,303,241,45,52,43,1,f,
User_279,368,"7,682","3,980",883,519,940,6,f,
User_280,494,"1,179",803,119,11,111,8,m,
User_281,812,"6,249","1,106",34,30,41,6,f,
User_282,"1,603",765,"2,189",27,49,29,3,f,
User_283,311,677,949,35,17,44,6,f,
User_284,316,917,680,61,38,52,6,f,
User_285,"1,257","1,315","2,922",116,136,116,7,f,
User_286,198,295,429,11,34,24,4,f,
User_287,377,684,353,67,73,63,7,f,
User_288,135,"5,506",628,303,482,510,8,f,Mar 22 2017
User_289,78,"1,091",894,126,106,100,8,m,
User_290,80,"3,754","4,663",72,93,111,0,f,
User_291,80,"1,331","6,862",256,147,157,8,m,
User_292,262,"3,080","1,951",751,773,1028,4,m,
User_293,159,730,"3,322",38,60,95,0,m,
User_294,95,"4,061","1,587",168,204,150,3,f,
User_295,178,875,"5,007",6,21,17,0,m,
User_296,50,199,735,13,10,12,0,m,
User_297,64,375,"1,330",24,11,3,0,m,
User_298,486,"1,336","2,164",35,30,24,0,m,
User_299,"1,399","2,344","2,448",51,5,47,2,m,
User_300,"2,099",606,"1,034",19,13,10,1,m,
User_301,161,"1,790","3,740",65,61,23,6,m,
User_302,82,"2,686","2,848",136,124,155,3,m,
User_303,892,"9,648","7,388",118,70,109,4,m,
User_304,179,"1,836","7,446",54,66,34,6,m,
User_305,716,"1,710","1,987",59,49,71,5,f,
User_306,215,49,320,12,11,5,0,f,
User_307,437,750,703,117,135,138,8,f,
User_308,104,276,699,19,41,28,0,m,
User_309,158,226,216,25,21,12,3,f,
User_310,209,696,"3,027",16,11,12,1,m,
User_311,359,224,223,26,35,24,2,f,
User_312,439,334,962,19,14,26,1,f,
User_313,199,108,691,18,20,31,0,m,
User_314,165,147,199,46,34,52,3,f,
User_315,332,446,579,45,45,39,5,f,
User_316,96,574,405,166,150,111,5,f,
User_317,"2,241",943,"2,018",43,21,22,5,f,
User_318,258,"2,485",562,189,196,327,2,f,
User_319,103,384,"2,565",28,30,20,0,m,
User_320,571,"1,692","5,999",53,56,56,1,m,
User_321,115,"3,502","1,966",144,39,62,2,f,
User_322,934,"1,167",927,101,134,116,5,f,
User_323,211,"7,772","1,769",297,372,259,5,m,
User_324,201,449,302,95,88,83,6,f,
User_325,161,"1,184",626,198,162,166,3,f,
User_326,417,522,869,41,28,38,3,f,
User_327,137,"3,039",767,361,457,530,2,f,
User_328,288,799,671,228,219,216,7,f,
User_329,431,"3,036",886,450,472,275,2,f,
User_330,"1,417","6,158","1,265",374,631,245,5,f,Mar 23 2017
User_331,142,650,431,168,116,77,0,f,
User_332,375,"1,068",899,104,92,109,0,f,
User_333,160,916,788,186,182,146,9,f,
User_334,200,362,200,27,44,32,3,f,
User_335,144,622,670,157,198,157,6,f,
User_336,106,166,178,59,38,31,3,f,
User_337,102,"1,009","2,294",131,199,165,5,f,
User_338,"1,764","1,043","1,590",129,119,157,6,f,
User_339,229,"1,831","6,624",88,54,64,1,m,
User_340,351,506,"4,004",24,17,17,4,f,
User_341,484,"1,047","1,026",239,144,192,5,f,
User_342,659,"6,609","6,556",1178,1176,1363,0,m,
User_343,330,"1,687","1,994",276,280,223,8,f,
User_344,549,"7,319",481,159,205,126,6,f,
User_345,546,"3,213","2,484",133,111,125,4,f,
User_346,116,752,"3,061",146,127,190,3,f,
User_347,"1,024","8,582",688,1513,375,392,8,f,
User_348,186,"1,578",901,224,267,380,7,f,
User_349,315,"3,625","2,616",134,143,134,8,f,
User_350,928,899,"2,372",20,8,10,7,m,
User_351,218,959,781,148,208,174,7,f,
User_352,95,"3,174","1,837",427,566,563,7,f,
User_353,93,789,524,238,264,247,9,f,
User_354,122,"1,524",484,191,222,183,9,f,
User_355,802,"7,634","5,732",156,139,207,0,f,
User_356,843,"5,817",513,59,48,73,7,f,
User_357,104,"5,873","2,352",927,514,736,9,f,
User_358,"2,646","2,051","1,366",21,57,20,7,m,
User_359,"3,185","2,410","1,497",21,20,50,4,f,
User_360,112,313,457,24,31,21,0,m,
User_361,652,262,371,27,40,26,3,f,
User_362,162,"3,227","6,241",65,151,91,7,m,
User_363,433,"8,808","2,682",292,102,412,0,f,
User_364,286,801,767,15,30,39,7,m,
User_365,202,387,362,31,28,22,8,m,
User_366,276,"1,463",238,15,7,23,9,m,
User_367,105,"4,785","1,584",508,413,258,8,f,Mar 24 2017
User_368,251,"1,212",344,42,59,33,9,f,
User_369,328,444,720,11,30,25,5,f,
User_370,"3,858",258,656,7,28,14,0,m,
User_371,631,671,"1,152",138,92,86,4,m,
User_372,223,"1,002",564,61,72,67,6,f,
User_373,403,689,"2,989",31,13,14,0,f,
User_374,103,282,804,44,56,43,8,m,
User_375,291,359,700,44,4,51,5,f,
User_376,367,126,248,16,7,10,0,f,
User_377,638,429,"2,524",32,31,22,3,f,
User_378,467,583,"1,462",6,10,6,9,f,
User_379,98,911,"4,961",69,80,35,3,f,
User_380,"2,596",764,"1,126",10,3,5,1,f,
User_381,102,181,343,4,5,3,5,f,
User_382,"1,748","6,360","1,086",30,90,184,0,f,
User_383,361,"3,096","1,524",203,158,186,7,m,
User_384,348,"4,747","4,722",113,98,77,1,m,
User_385,106,"6,890",800,186,191,179,4,m,
User_386,358,"3,226","3,444",80,157,115,6,f,
User_387,76,109,276,5,9,6,5,f,
User_388,138,66,347,5,4,3,7,f,
User_389,371,"1,104","1,098",44,46,44,5,f,
User_390,181,217,394,16,17,10,9,f,
User_391,284,"1,028",985,48,42,23,0,m,
User_392,129,"7,232",381,1518,1622,1530,6,m,
User_393,224,269,515,49,48,50,5,f,
User_394,360,214,439,42,21,13,0,f,
User_395,167,350,468,31,26,31,5,f,
User_396,99,946,"4,921",64,51,59,3,f,
User_397,327,"1,371","2,361",63,158,38,7,m,
User_398,582,280,"1,177",6,12,7,8,m,
User_399,"1,399",643,"2,404",9,13,9,0,f,
User_400,185,"1,994","4,323",10,4,5,0,f,
User_401,93,"1,342","6,050",194,200,161,5,f,
User_402,61,663,536,158,216,668,1,f,
User_403,119,113,369,5,2,252,7,m,
User_404,78,416,"2,691",129,118,186,5,m,
User_405,564,808,"2,144",84,104,142,2,m,
User_406,61,"2,721","7,735",105,111,81,7,f,
User_407,79,"1,927",985,123,206,176,7,f,Mar 25 2017
User_408,447,313,"2,462",6,3,2,9,m,
User_409,280,"4,107","4,063",577,614,660,9,m,
User_410,76,"1,135",807,422,252,139,6,f,
User_411,740,"2,333","2,214",110,131,126,7,m,
User_412,826,"1,245",442,70,85,63,8,f,
User_413,71,582,542,46,61,56,8,m,
User_414,171,"5,979","4,286",322,313,344,6,m,
User_415,76,"1,746","7,499",50,52,51,8,m,
User_416,52,"3,453","4,185",215,307,251,9,f,
User_417,128,127,376,3,3,3,9,m,
User_418,124,511,"3,944",51,35,33,4,m,
User_419,53,642,"1,641",20,16,13,8,m,
User_420,132,323,966,16,15,18,7,f,
User_421,92,127,294,3,4,6,5,f,
User_422,242,"1,289","1,032",17,21,20,6,f,
User_423,379,308,"4,608",11,21,18,0,m,
User_424,69,602,"5,895",61,81,71,4,m,
User_425,268,"5,321","3,285",132,166,96,9,f,
User_426,59,330,"1,784",44,26,26,5,m,
User_427,76,"7,068","7,191",1498,1956,1757,0,f,
User_428,"1,108","1,021","7,008",85,93,58,1,f,
User_429,56,"1,423","2,601",69,65,73,9,f,
User_430,215,604,"2,750",94,84,68,0,m,
User_431,166,"1,325","1,433",337,253,333,0,m,
User_432,725,284,252,38,40,36,0,m,
User_433,468,830,474,163,199,171,0,m,
User_434,103,145,360,6,11,13,0,m,
User_435,832,579,712,64,71,71,0,m,
User_436,360,732,898,123,152,241,0,m,
User_437,265,261,610,47,55,59,0,m,
User_438,934,278,"1,264",25,28,39,0,m,
User_439,558,"1,108","1,088",91,131,138,0,m,
User_440,969,183,582,24,31,141,0,m,
User_441,295,983,971,163,169,190,0,m,
User_442,277,210,286,93,46,80,0,f,
User_443,750,238,215,45,28,36,3,f,
User_444,239,535,629,225,216,198,0,m,
User_445,109,"3,721","2,327",504,346,473,0,m,
User_446,375,"1,320",707,211,214,210,0,f,
User_447,310,"3,187","4,035",603,572,466,0,m,
User_448,602,844,641,129,260,163,4,f,Mar 26 2017
User_449,187,"1,319",468,40,41,83,4,m,
User_450,72,305,524,32,48,42,7,m,
User_451,207,248,"1,302",15,6,15,2,m,
User_452,161,435,"1,585",47,31,21,2,m,
User_453,213,219,150,62,27,69,9,f,
User_454,364,707,699,35,40,31,7,m,
User_455,350,"9,455","5,121",243,680,247,3,m,
User_456,593,460,439,33,46,14,3,f,
User_457,388,579,630,304,148,147,1,f,
User_458,129,"6,225","1,966",1012,954,853,5,f,
User_459,110,240,329,47,11,23,7,f,
User_460,"1,635","1,309","7,498",25,62,67,2,f,
User_461,59,341,"1,734",2,1,1,9,f,
User_462,728,863,"1,196",128,74,113,6,f,
User_463,"2,698","2,908",899,281,166,246,1,f,
User_464,"1,356","1,161",973,31,31,37,8,f,
User_465,"2,429",520,753,16,44,6,0,f,
User_466,263,136,277,0,1,1,2,f,
User_467,700,833,586,154,99,142,0,f,
User_468,"1,424","1,453",890,98,92,104,2,f,
User_469,"1,266",546,284,85,69,61,2,f,
User_470,509,"1,496","1,049",298,287,211,5,f,
User_471,367,371,307,95,117,101,0,f,
User_472,177,"5,096","5,716",300,234,336,2,m,
User_473,322,"7,876",401,275,247,293,0,f,
User_474,370,"1,841",143,82,81,58,0,f,
User_475,325,277,791,6,11,11,4,f,
User_476,374,535,425,77,63,64,9,m,
User_477,624,"1,417",504,37,38,74,2,f,
User_478,193,871,"1,929",3,21,6,3,f,
User_479,"1,224",895,"1,249",45,51,59,4,f,
User_480,56,194,422,25,24,86,8,m,
User_481,289,649,699,65,71,141,1,f,
User_482,85,422,"1,929",25,58,25,8,m,
User_483,181,230,898,45,67,57,8,m,
User_484,198,510,912,108,86,94,0,f,
User_485,849,"1,564","1,681",35,31,33,1,f,
User_486,"2,345","2,675","5,384",106,98,90,1,f,
User_487,225,208,229,30,12,49,2,f,
User_488,62,312,"1,090",80,72,56,7,m,
User_489,203,374,"1,124",126,83,89,7,m,
User_490,728,590,525,43,103,46,3,f,
User_491,440,"1,073","2,138",26,65,31,1,m,
User_492,353,655,758,107,161,140,6,f,
User_493,268,519,675,83,82,52,1,m,
User_494,"1,894","1,305","6,072",86,69,114,5,m,
User_495,163,"8,400","5,051",188,167,207,0,m,
User_496,"1,825","5,852","7,122",161,129,214,0,m,
User_497,64,113,256,5,8,11,1,f,Mar 27 2017
User_498,73,"2,853","6,425",107,137,222,8,f,
User_499,361,"4,026",938,378,311,354,4,m,
User_500,67,154,393,32,36,23,7,f,
User_501,679,1259,703,82,39,88,5,f,
User_502,158,"1,224",245,154,138,138,7,f,
User_503,187,"3,878","1,660",127,171,118,8,f,
User_504,336,288,264,48,18,25,0,f,
User_505,159,"1,178",762,192,226,209,9,f,
User_506,96,843,"4,917",114,43,36,6,m,
User_507,395,647,944,25,26,34,4,f,
User_508,268,"6,006","6,116",236,250,432,6,f,
User_509,110,"9,462","1,008",646,418,603,9,m,
User_510,257,534,756,31,39,18,4,f,
User_511,92,"3,185","2,177",259,185,133,2,f,
User_512,63,483,330,43,31,34,9,f,
User_513,210,762,"2,093",13,16,29,7,f,
User_514,97,"1,526","2,702",201,212,233,7,m,
User_515,77,921,"2,127",29,52,44,4,m,
User_516,233,436,494,5,6,1,9,m,
User_517,83,738,"1,907",64,72,69,9,m,
User_518,67,569,"1,184",20,15,19,8,m,
User_519,62,"1,298",996,53,55,43,9,m,
User_520,440,"2,141","4,920",57,49,21,8,f,
User_521,93,933,501,41,30,34,9,f,
User_522,143,132,374,5,3,6,0,m,
User_523,247,"1,108",958,17,25,13,9,m,
User_524,104,185,"1,208",18,11,7,7,m,
User_525,51,16,32,0,1,2,1,m,
User_526,80,"4,677",421,280,156,45,8,f,
User_527,127,"6,528",977,1015,687,729,9,m,
User_528,105,104,311,5,3,8,9,f,
User_529,81,64,174,1,0,0,9,m,
User_530,66,"1,483","1,076",22,37,35,2,f,
User_531,"1,208","1,131","4,759",8,8,7,0,m,
User_532,203,"6,054","6,553",211,236,224,9,m,
User_533,"1,352",774,"2,795",59,57,51,9,m,
User_534,143,"7,611","3,985",1154,1266,1447,9,m,
User_535,734,621,"1,248",22,50,45,4,m,
User_536,240,"1,270","6,411",125,112,185,1,f,
User_537,219,"1,224","1,146",20,11,80,5,f,
User_538,67,134,104,22,13,25,4,f,
User_539,52,832,"2,282",37,25,36,5,f,
User_540,90,"6,449","4,374",503,130,542,6,f,
User_541,264,104,55,20,19,11,1,m,
User_542,"1,635",663,846,4,9,33,3,f,
User_543,181,"8,834","4,587",516,609,752,2,m,
User_544,73,610,"1,293",32,76,85,3,m,
User_545,231,"3,106","3,841",114,98,84,9,m,
User_546,248,512,"1,660",62,42,65,0,m,
User_547,127,189,690,17,39,22,5,m,
User_548,717,"1,656","1,390",124,124,116,5,f,
User_549,290,"2,662","3,964",125,113,152,0,m,
User_550,173,"2,949",472,95,67,110,8,f,
User_551,79,"1,976","7,140",181,192,112,9,m,
User_552,132,"7,303","1,936",797,1209,1185,9,f,
User_553,982,596,"1,837",46,56,25,4,f,
User_554,583,"2,437","7,499",23,21,18,0,f,
User_555,51,"2,930","5,091",86,112,81,8,f,
User_556,159,"2,471","1,380",307,301,294,3,f,
User_557,497,"2,902","3,685",490,544,481,0,m,
User_558,"1,708",774,"1,420",31,49,33,1,f,
User_559,59,"4,691","1,081",1141,1196,1467,8,m,
User_560,335,"1,180","3,073",116,103,47,1,f,
User_561,"1,495","4,137","3,642",122,116,102,0,f,
User_562,321,651,564,96,92,157,8,f,
User_563,399,"8,066","2,153",771,342,343,6,f,
User_564,420,"1,780","4,992",56,70,74,1,f,
User_565,170,"3,112","7,462",63,88,103,9,m,
User_566,947,"1,064","4,105",96,22,42,0,f,
User_567,139,155,473,36,45,35,2,f,Mar 29 2017
User_568,273,"4,433","6,733",75,92,113,1,f,
User_569,60,175,295,16,6,6,9,f,
User_570,"1,527","2,471","4,805",133,121,57,5,f,
User_571,294,346,566,47,18,47,1,f,
User_572,160,"4,348","6,096",442,549,275,2,m,
User_573,76,"1,130","5,837",55,110,70,0,m,
User_574,226,312,"1,326",95,75,75,2,f,
User_575,732,272,364,12,9,10,0,m,
User_576,166,"1,087","1,489",47,43,36,2,f,
User_577,99,383,405,29,35,62,4,m,
User_578,178,223,180,7,2,8,1,f,
User_579,267,357,530,3,3,3,2,f,
User_580,272,"1,814","3,422",40,22,34,5,m,
User_581,197,455,925,10,11,22,0,m,
User_582,296,216,866,3,3,1,4,m,
User_583,65,124,431,18,23,18,0,m,
User_584,69,"1,368","4,133",95,60,25,5,m,
User_585,764,260,751,4,2,2,0,f,
User_586,138,154,210,4,9,3,0,f,
User_587,51,876,"1,353",34,16,38,0,m,
User_588,79,310,620,8,2,5,7,m,
User_589,71,328,363,6,3,8,7,f,
User_590,265,807,"2,795",7,7,4,5,m,
User_591,109,173,205,7,6,10,5,m,
User_592,318,725,869,11,12,7,9,m,
User_593,"4,587","9,785","1,777",644,616,601,0,m,
User_594,191,"3,149",155,189,192,219,0,m,
User_595,436,603,"1,837",12,48,24,0,f,
User_596,126,130,276,8,15,6,0,m,
User_597,220,"8,461","6,828",360,886,693,6,m,
User_598,273,712,"2,507",153,175,155,2,m,
User_599,546,"1,027",442,128,55,54,7,f,
User_600,225,"1,263",597,160,109,89,9,f,
User_601,754,"2,068","6,230",55,79,52,0,f,
User_602,158,"2,893","5,625",34,35,66,0,m,
User_603,330,"1,375",984,59,51,29,0,f,
User_604,879,"7,991","6,822",160,226,169,4,f,
User_605,84,"8,022","5,923",118,156,47,3,m,
User_606,121,"1,836","4,793",18,16,7,3,f,
User_607,"1,206","3,244","2,705",136,152,133,6,f,
User_608,180,500,540,468,443,471,3,f,
User_609,481,"2,427",910,69,68,78,2,f,Mar 30 2017
User_610,767,"4,928","1,367",178,153,150,0,f,
User_611,210,"2,210","2,239",318,326,688,1,f,
User_612,225,"1,193","4,210",36,74,52,1,f,
User_613,89,"1,580","2,150",70,53,74,9,m,
User_614,337,"3,053","5,660",30,103,104,5,m,
User_615,"1,340","1,659",856,34,18,31,2,f,
User_616,123,"1,452","1,747",51,69,53,3,f,
User_617,592,"4,727",327,203,128,284,9,f,
User_618,500,266,753,15,3,8,4,f,
User_619,112,"1,649","6,799",126,176,122,1,m,
User_620,499,295,588,26,16,11,2,f,
User_621,58,86,231,10,0,0,0,f,
User_622,53,88,237,4,8,7,0,m,
User_623,95,714,"2,787",53,77,98,6,f,
User_624,789,642,"2,724",47,110,50,6,f,
User_625,570,630,397,75,87,96,3,f,
User_626,105,229,"1,031",74,61,61,7,m,
User_627,171,"5,028","6,762",292,220,247,2,f,
User_628,340,123,238,8,19,11,3,f,
User_629,"1,806","2,803","1,163",39,83,44,2,m,
User_630,314,956,746,47,72,41,1,m,
User_631,185,683,353,50,33,48,0,f,
User_632,332,226,374,50,40,55,4,m,
User_633,810,"1,967","1,726",95,110,88,5,m,
User_634,834,280,404,6,11,9,2,m,
User_635,81,85,53,6,1,6,1,f,
User_636,57,76,72,13,6,9,0,f,
User_637,216,495,"2,158",84,58,55,2,f,
User_638,68,77,248,4,15,33,1,f,
User_639,71,168,"1,121",77,47,28,1,f,
User_640,487,807,"3,006",32,17,22,8,m,
User_641,121,176,465,34,30,21,2,f,
User_642,788,"1,616","5,054",15,32,20,1,f,
User_643,"1,137",511,851,71,38,88,0,f,
User_644,51,303,"1,139",17,21,27,6,m,
User_645,"1,959",166,886,5,4,3,0,f,
User_646,171,628,"3,171",72,64,71,3,f,
User_647,215,250,480,27,19,16,0,f,
User_648,69,196,508,26,40,24,5,f,
User_649,137,"1,295","4,194",22,18,49,4,f,
User_650,71,622,"2,108",22,20,11,6,m,
User_651,801,"2,766","4,412",86,85,94,0,m,
User_652,82,567,"2,984",85,81,55,3,m,Mar 31 2017
User_653,280,"1,260","3,123",103,150,67,1,m,
User_654,87,705,726,15,28,14,2,f,
User_655,217,281,246,20,16,21,1,f,
User_656,163,"2,288","2,283",45,38,25,0,f,
User_657,180,649,"1,147",126,153,132,6,f,
User_658,354,366,478,6,5,9,0,f,
User_659,847,429,298,14,8,9,4,m,
User_660,479,935,"1,120",78,41,68,0,f,
User_661,193,638,"3,933",35,32,25,0,f,
User_662,396,"1,887","5,565",84,57,46,3,f,
User_663,328,258,142,28,15,11,8,m,
User_664,104,833,"1,318",47,72,45,1,f,
User_665,"1,084","1,206","4,686",22,13,13,0,f,
User_666,171,71,248,13,6,6,5,m,
User_667,863,"1,750","7,474",20,27,15,4,f,
User_668,158,"1,218","3,308",162,184,156,1,m,
User_669,125,"1,305","2,209",40,49,51,2,m,
User_670,62,496,"1,704",61,17,48,3,f,
User_671,190,999,"3,018",40,79,28,8,f,
User_672,61,233,"1,478",14,14,12,2,f,
User_673,729,672,969,85,102,62,6,m,
User_674,93,"1,984","4,800",161,143,95,4,m,
User_675,407,455,504,47,55,17,3,f,
User_676,93,"1,430","4,195",109,138,130,1,m,
User_677,"1,922","1,284","2,177",15,12,17,7,f,
User_678,124,215,433,39,29,29,0,f,
User_679,92,"1,409","1,615",109,143,145,4,f,
User_680,52,626,"2,987",39,133,53,2,m,
User_681,231,199,638,41,12,24,0,m,
User_682,97,"1,054","2,307",60,57,31,7,m,
User_683,853,"2,484","2,775",106,137,102,7,m,
User_684,446,"2,132","7,492",30,15,9,1,m,
User_685,172,102,184,31,26,30,8,m,
User_686,145,"1,038","3,288",17,33,12,2,m,
User_687,174,742,"3,771",33,148,68,6,m,
User_688,98,667,"3,011",64,57,40,2,m,
User_689,70,467,511,12,10,19,4,m,
User_690,88,"1,148","4,877",34,32,27,0,m,
User_691,140,857,"6,690",202,106,82,9,m,
User_692,82,995,"1,548",20,26,20,0,m,
User_693,67,265,"1,286",62,51,40,0,f,Apr 1 2017
User_694,74,437,"1,730",9,13,8,2,f,
User_695,86,301,"1,754",3,4,3,7,m,
User_696,874,"5,478","1,387",195,102,181,4,f,
User_697,622,"1,159","4,499",69,61,42,0,m,
User_698,228,252,"2,804",18,9,8,4,m,
User_699,129,635,"1,522",9,6,112,1,m,
User_700,58,"1,108","4,825",28,19,18,7,m,
User_701,358,294,"1,280",4,2,6,1,m,
User_702,172,"1,267","5,409",114,122,96,3,m,
User_703,96,406,"1,794",53,80,66,8,m,
User_704,197,366,"1,353",40,57,32,0,f,
User_705,66,474,"1,831",56,73,123,7,m,
User_706,56,62,158,9,13,22,0,f,
User_707,87,928,"3,229",220,216,274,0,m,
User_708,"1,001",866,"5,833",90,81,101,0,m,
User_709,"1,740",778,"4,216",44,32,58,5,m,
User_710,82,568,"1,387",61,67,74,7,m,
User_711,113,497,685,27,32,35,0,m,
User_712,54,310,663,68,61,61,6,m,
User_713,166,363,"2,514",72,92,111,4,m,
User_714,97,660,"2,165",32,59,66,8,m,
User_715,"1,817",865,"3,289",29,36,39,0,m,
User_716,"6,948","1,177","3,368",29,48,46,0,m,
User_717,72,370,"2,742",30,25,21,3,m,
User_718,90,174,399,8,8,7,7,f,
User_719,51,151,501,5,6,5,9,m,
User_720,78,605,"2,771",5,17,11,6,m,
User_721,109,353,"1,363",23,27,30,6,m,
User_722,54,106,508,5,7,30,3,m,
User_723,490,835,"6,437",76,74,67,3,m,
User_724,166,709,"6,087",10,9,6,6,m,
User_725,65,656,"6,396",27,25,46,1,m,
User_726,57,174,"1,554",35,26,84,0,m,
User_727,78,767,"6,527",50,48,26,8,m,
User_728,116,203,"1,773",14,16,22,2,m,
User_729,133,523,"6,107",10,12,7,9,m,
User_730,230,316,316,21,26,40,6,m,
User_731,101,455,"3,816",9,30,35,9,m,
User_732,147,886,"7,076",11,28,30,2,m,
User_733,59,671,"4,614",28,25,8,9,m,
User_734,89,146,862,12,12,8,2,m,
User_735,293,"3,570",14,465,520,240,1,f,
User_736,615,"1,328","7,392",43,54,67,4,m,
User_737,377,"1,563","4,135",26,15,17,6,m,
User_738,"1,317","4,059","5,196",109,170,202,0,m,
User_739,107,"1,695","2,001",157,133,146,1,m,
User_740,123,397,914,9,12,8,3,m,
User_741,780,877,"2,566",25,78,54,0,m,
User_742,112,325,711,23,10,10,0,m,
User_743,"3,113",370,752,7,16,4,0,m,
User_744,113,702,"1,140",19,12,15,2,m,
User_745,219,608,"2,468",37,41,34,0,m,
User_746,340,331,837,19,14,12,0,m,
User_747,846,"1,066","1,706",100,76,89,0,m,
User_748,232,365,670,54,59,51,5,m,
User_749,"1,259",604,"1,876",15,18,10,3,m,
User_750,"3,382",711,852,26,22,34,0,m,
User_751,"1,468","8,683","7,479",765,831,654,8,m,
User_752,132,472,"1,940",42,32,44,0,m,
User_753,542,"1,058","2,973",66,84,59,5,f,
User_754,707,963,"6,694",12,8,8,2,m,
User_755,"1,330","1,996","7,500",29,90,70,3,f,
User_756,305,207,92,6,12,5,1,f,
User_757,163,771,"1,280",48,111,68,0,f,Apr 2 2017
User_758,236,665,"4,225",24,14,7,1,f,
User_759,50,541,369,50,43,37,3,f,
User_760,64,305,"1,069",17,8,23,0,m,
User_761,153,"1,011",449,246,180,147,5,m,
User_762,"2,556",593,"3,573",31,53,35,4,f,
User_763,138,502,604,21,47,62,3,f,
User_764,641,"2,201","5,564",254,173,121,2,f,
User_765,93,"6,167","1,115",81,104,88,4,f,
User_766,92,510,"1,553",235,174,239,0,m,
User_767,361,"3,652","2,891",225,211,250,8,m,
User_768,99,318,728,43,49,58,3,f,
User_769,138,229,"1,084",25,19,15,1,f,
User_770,"1,012",821,"1,352",66,77,50,2,f,
User_771,627,493,934,24,34,15,0,m,
User_772,879,647,353,57,58,64,1,f,
User_773,55,136,809,11,28,17,0,m,
User_774,555,615,895,63,34,97,7,m,
User_775,212,318,407,9,6,24,3,f,
User_776,65,"2,347","7,486",331,335,242,1,f,
User_777,"1,458","1,707","1,515",41,79,51,3,f,
User_778,100,287,180,23,24,41,2,f,
User_779,950,619,695,77,67,72,3,f,
User_780,496,376,415,56,36,63,2,f,
User_781,197,366,754,35,21,8,6,m,
User_782,55,47,190,9,33,56,0,f,
User_783,166,614,644,41,66,29,0,m,
User_784,374,"2,140","6,558",85,116,87,0,m,
User_785,880,"1,093","3,741",55,35,34,5,f,
User_786,150,984,"7,485",7,12,20,1,m,
User_787,145,108,525,12,16,39,0,m,
User_788,513,"1,748","7,500",84,77,91,3,f,
User_789,689,386,771,25,39,70,0,f,
User_790,172,311,610,25,37,19,4,f,
User_791,836,"2,679",581,140,142,138,2,m,
User_792,156,"7,671","4,107",1341,1098,899,2,m,
User_793,253,409,"1,413",70,76,18,4,m,
User_794,238,"3,399","5,361",411,314,265,0,f,
User_795,510,"2,534","7,497",14,32,8,0,f,
User_796,99,"2,083","4,555",161,150,127,0,m,
User_797,131,236,959,37,28,19,8,m,
User_798,115,"5,455","7,442",160,177,247,0,m,
User_799,110,189,134,18,17,18,0,f,
User_800,72,524,"1,665",103,121,107,0,m,
User_801,348,"1,163","1,398",33,56,50,4,f,
User_802,120,155,480,22,11,28,0,m,
User_803,"1,338",750,"1,644",22,12,13,0,m,
User_804,87,377,670,19,28,22,6,m,
User_805,53,277,"1,051",0,0,1,6,m,
User_806,349,"1,524","1,865",61,53,82,0,m,
User_807,117,936,"1,908",68,36,36,0,m,
User_808,656,"2,682","6,818",144,75,115,3,f,
User_809,122,"1,772","4,150",167,146,134,2,f,
User_810,342,843,975,99,178,88,5,f,
User_811,114,549,378,119,124,117,9,f,
User_812,167,"1,638","1,227",259,379,362,6,f,
User_813,151,"3,180",684,212,101,193,7,f,
User_814,"2,599","2,684","7,300",19,55,44,0,f,
User_815,"2,284","4,020","2,978",160,164,200,6,f,
User_816,164,"2,326","6,920",37,29,48,7,f,
User_817,89,286,715,30,6,18,4,f,
User_818,83,"1,587","4,997",58,32,45,5,f,